"cover_type","contrast","response","SE","df","lower.CL","upper.CL","meanSOC","sig"
"bare",".",931.960729529368,90.4579018308669,30,708.447557422221,1225.8922681285,978.493502564101,"a"
"buffel",".",879.756096014648,97.0782120084871,30,644.121510591631,1201.45765786906,947.988768,"a"
"other",".",1341.33299912547,130.149772456637,30,1019.74485810052,1764.23826325633,1410.86106837607,"b"
